simplified,canonical_traditional,source_count,semantic_level,distinct_meaning_count,ocr_risk_level,ocr_risk_score,frequency_tier,frequency_rank,cc_cedict_occurrences,avg_stroke_reduction,component_change_count,cultural_tags
学,學,1,低,1,中,3,高频,1,966,8.0,2,大幅简化;高频用字
书,書,1,低,1,低,2,高频,14,364,6.0,2,高频用字
东,東,1,低,1,低,0,高频,10,433,3.0,0,高频用字
车,車,1,低,1,低,0,高频,8,533,3.0,0,高频用字
发,發,2,中,2,高,7,高频,4,609,8.5,4,大幅简化;高频用字
后,後,2,中,2,高,6,高频,12,401,3.0,3,古字复用;高频用字
面,麵,2,中,2,高,7,高频,5,605,11.0,2,大幅简化;高频用字
台,臺,4,高,4,高,9,高频,11,407,10.3,5,多源合并;古字复用;大幅简化;高频用字
余,餘,2,中,2,高,7,中频,62,137,8.0,4,大幅简化
杰,傑,2,低,1,高,6,低频,96,61,4.0,4,基础样本
蒙,矇,4,高,4,高,6,中频,52,170,3.7,4,多源合并
干,幹,3,高,3,高,8,高频,20,279,9.0,3,多源合并;大幅简化;高频用字
复,復,3,高,3,高,7,高频,26,226,5.7,4,多源合并;高频用字
系,係,3,高,3,高,7,高频,27,224,7.0,4,多源合并;高频用字
苏,蘇,3,高,3,高,8,中频,55,161,10.7,2,多源合并;大幅简化
胡,鬍,3,高,3,高,8,中频,56,156,8.0,4,多源合并;大幅简化
向,嚮,3,高,3,高,8,中频,58,154,10.0,4,多源合并;大幅简化
汇,匯,3,高,3,高,8,低频,89,90,8.0,2,多源合并;大幅简化
只,隻,3,高,3,高,7,低频,97,61,4.0,3,多源合并
泛,氾,3,高,3,高,6,低频,98,49,-1.5,2,多源合并
毁,毀,3,高,3,高,6,低频,99,42,3.7,2,多源合并
熏,燻,3,中,2,高,6,低频,100,30,3.5,2,多源合并
家,傢,2,中,2,中,5,高频,2,727,2.0,4,高频用字
克,剋,2,中,2,中,5,高频,3,643,2.0,4,高频用字
出,齣,2,中,2,高,7,高频,6,561,15.0,4,大幅简化;高频用字
合,閤,2,中,2,高,7,高频,9,505,8.0,4,大幅简化;高频用字
里,裏,2,中,2,高,6,高频,7,541,6.0,4,高频用字
布,佈,2,中,2,中,5,高频,13,400,2.0,4,高频用字
同,衕,2,中,2,高,6,高频,15,358,6.0,4,高频用字
制,製,2,中,2,高,6,高频,16,348,6.0,3,高频用字
回,迴,2,中,2,中,5,高频,17,313,3.0,4,高频用字
当,當,2,中,2,高,7,高频,18,283,8.5,4,大幅简化;高频用字
夫,伕,2,中,2,中,5,高频,19,280,2.0,2,高频用字
板,闆,2,中,2,高,7,高频,21,262,9.0,4,大幅简化;高频用字
万,萬,2,低,1,高,7,高频,22,253,9.0,2,大幅简化;高频用字
表,錶,2,中,2,高,7,高频,23,251,8.0,4,大幅简化;高频用字
云,雲,2,中,2,高,7,高频,24,228,8.0,4,大幅简化;高频用字
宁,寧,2,中,2,高,7,高频,25,228,8.0,2,大幅简化;高频用字
游,遊,2,中,2,中,5,高频,28,220,0.0,2,高频用字
吃,喫,2,低,1,高,6,高频,29,216,6.0,2,高频用字
核,覈,2,中,2,高,7,高频,30,212,9.0,4,大幅简化;高频用字
药,藥,2,中,2,高,6,高频,31,210,6.0,2,高频用字
曲,麴,2,中,2,高,7,高频,32,206,13.0,2,大幅简化;高频用字
症,癥,2,中,2,高,7,高频,33,203,10.0,2,大幅简化;高频用字
广,廣,2,中,2,高,7,中频,34,197,11.0,2,大幅简化
于,於,2,低,1,高,6,中频,35,196,5.0,2,基础样本
背,揹,2,中,2,中,5,中频,36,193,3.0,3,基础样本
证,證,2,中,2,高,7,中频,37,193,8.5,4,大幅简化
了,瞭,2,中,2,高,7,中频,38,192,15.0,2,大幅简化
托,託,2,中,2,高,6,中频,39,191,4.0,2,基础样本
术,術,2,中,2,中,5,中频,40,190,3.0,4,基础样本
叶,葉,2,中,2,高,6,中频,41,189,7.0,4,基础样本
团,團,2,中,2,高,7,中频,42,187,11.0,2,大幅简化
周,週,2,中,2,中,5,中频,43,186,3.0,4,基础样本
斗,鬥,2,中,2,高,6,中频,44,186,6.0,2,基础样本
千,韆,2,中,2,高,7,中频,45,181,21.0,2,大幅简化
价,價,2,低,1,高,7,中频,46,180,9.0,2,大幅简化
别,別,2,中,2,中,5,中频,47,178,3.5,2,基础样本
虫,蟲,2,中,2,高,7,中频,48,177,12.0,2,大幅简化
烟,煙,2,中,2,中,5,中频,49,173,2.0,2,基础样本
松,鬆,2,中,2,高,7,中频,50,172,10.0,4,大幅简化
局,侷,2,中,2,中,5,中频,51,172,2.0,3,基础样本
豆,荳,2,低,1,中,5,中频,53,168,3.0,5,基础样本
恶,惡,2,中,2,中,5,中频,54,163,3.5,2,基础样本
修,脩,2,中,2,中,4,中频,57,155,1.0,1,基础样本
个,個,2,低,1,高,7,中频,59,147,9.0,4,大幅简化
枪,槍,2,中,2,高,7,中频,60,143,8.0,2,大幅简化
佛,彿,2,中,2,中,5,中频,61,143,1.0,2,基础样本
尽,盡,2,中,2,高,7,中频,63,136,9.0,4,大幅简化
志,誌,2,中,2,高,6,中频,64,135,7.0,4,基础样本
冲,衝,2,中,2,高,6,中频,65,133,5.0,4,基础样本
岩,巖,2,低,1,高,7,中频,66,133,14.0,2,大幅简化
暗,闇,2,中,2,高,6,中频,67,131,4.0,2,基础样本
针,針,2,低,1,高,6,中频,68,130,6.5,2,基础样本
折,摺,2,中,2,高,6,中频,69,128,7.0,2,基础样本
坐,座,2,中,2,中,5,中频,71,124,3.0,4,基础样本
征,徵,2,中,2,高,6,中频,72,124,7.0,2,基础样本
秋,鞦,2,中,2,高,7,中频,70,125,9.0,4,大幅简化
准,準,2,中,2,中,5,中频,74,122,3.0,5,基础样本
卷,捲,2,中,2,中,5,中频,75,122,3.0,4,基础样本
历,歷,2,中,2,高,7,中频,73,124,12.0,4,大幅简化
谷,穀,2,中,2,高,7,中频,76,117,8.0,1,大幅简化
录,錄,2,中,2,高,6,中频,77,116,4.0,4,基础样本
几,幾,2,中,2,高,7,中频,78,115,10.0,1,大幅简化
念,唸,2,中,2,中,5,中频,79,114,3.0,4,基础样本
丰,豐,2,低,1,高,7,中频,80,113,14.0,2,大幅简化
旋,鏇,2,中,2,高,7,中频,81,109,8.0,4,大幅简化
才,纔,2,低,1,高,7,中频,82,106,20.0,2,大幅简化
致,緻,2,中,2,高,6,中频,83,106,6.0,4,基础样本
注,註,2,中,2,高,6,中频,84,105,4.0,2,基础样本
溪,谿,2,中,2,高,6,中频,85,100,4.0,2,基础样本
杆,桿,2,低,1,高,6,低频,86,95,4.0,2,基础样本
借,藉,2,中,2,高,6,低频,87,93,7.0,4,基础样本
据,據,2,低,1,高,6,低频,88,92,5.0,2,基础样本
巨,鉅,2,中,2,高,7,低频,90,89,8.0,2,大幅简化
舍,捨,2,中,2,中,5,低频,91,89,3.0,4,基础样本
吊,弔,2,低,1,中,4,低频,93,88,-2.0,2,基础样本
拿,拏,2,低,1,中,5,低频,92,89,-1.0,2,基础样本
欲,慾,2,中,2,高,6,低频,94,88,4.0,4,基础样本
玩,翫,2,中,2,高,6,低频,95,88,7.0,2,基础样本
