simplified,traditional_candidates,retained_traditional_candidates,excluded_traditional_candidates,candidate_count,retained_candidate_count,cc_cedict_pair_evidence,source_chars_with_cedict_evidence,source_chars_with_unihan,source_chars_with_chise,quality_gate,unihan_traditional_variants,has_chise_ids,already_in_project,example_pairs
蒙,蒙 矇 濛 懞,蒙 矇 濛 懞,,4,4,170,4,4,4,pass,懞 濛 矇 蒙,yes,no,內蒙->内蒙 | 啟矇->启蒙 | 迷濛->迷蒙
干,幹 乾 干 榦,幹 乾 干,榦,4,3,277,3,4,4,pass,乾 干 幹,yes,no,主幹->主干 | 乾俸->干俸 | 何干->何干
复,復 複 覆,復 複 覆,,3,3,226,3,3,3,pass,复 復 複 覆,yes,no,不復->不复 | 繁複->繁复 | 反覆->反复
系,系 係 繫,系 係 繫,,3,3,224,3,3,3,pass,係 系 繫,yes,no,世系->世系 | 係數->系数 | 品繫->品系
苏,蘇 甦 囌,蘇 甦 囌,,3,3,160,3,3,3,pass,囌 苏 蘇,yes,no,三蘇->三苏 | 復甦->复苏 | 嚕囌->噜苏
胡,胡 鬍 衚,胡 鬍 衚,,3,3,156,3,3,3,pass,胡 衚 鬍,yes,no,二胡->二胡 | 腮鬍->腮胡 | 衚衕->胡同
向,向 嚮 曏,向 嚮 曏,,3,3,154,3,3,3,pass,向 嚮 曏,yes,no,一向->一向 | 嚮導->向导 | 曏->向
汇,匯 彙 滙,匯 彙 滙,,3,3,90,3,3,3,pass,匯 彙,yes,no,交匯->交汇 | 交彙->交汇 | 滙->汇
只,只 隻 祇,只 隻 祇,,3,3,59,3,3,3,pass,只 戠 衹 隻,yes,no,不只->不只 | 大隻->大只 | 祇->只
泛,泛 氾 汎,泛 氾 汎,,3,3,49,3,3,3,pass,,yes,no,寬泛->宽泛 | 氾濫->泛滥 | 汎->泛
毁,毀 燬 譭,毀 燬 譭,,3,3,42,3,3,3,pass,毀,yes,no,墜毀->坠毁 | 炸燬->炸毁 | 黃鐘譭棄瓦釜雷鳴->黄钟毁弃瓦釜雷鸣
熏,燻 熏 薰,燻 熏 薰,,3,3,30,3,3,3,pass,,yes,no,煙燻->烟熏 | 熏天->熏天 | 薰心->熏心
家,家 傢,家 傢,,2,2,727,2,2,2,pass,傢 家,yes,no,一家->一家 | 傢伙->家伙
克,克 剋,克 剋,,2,2,642,2,2,2,pass,克 剋,yes,no,丁克->丁克 | 剋扣->克扣
出,出 齣,出 齣,,2,2,561,2,2,2,pass,出 齣,yes,no,交出->交出 | 齣->出
合,合 閤,合 閤,,2,2,505,2,2,2,pass,合 閤,yes,no,上合->上合 | 閤->合
里,裏 里 哩,裏 里,哩,3,2,417,2,3,3,pass,裏 裡 里,yes,no,哪裏->哪里 | 佳里->佳里
布,布 佈,布 佈,,2,2,400,2,2,2,pass,,yes,no,仁布->仁布 | 佈伍->布伍
同,同 衕,同 衕,,2,2,358,2,2,2,pass,同 衕,yes,no,一同->一同 | 衚衕->胡同
制,制 製,制 製,,2,2,348,2,2,2,pass,制 製,yes,no,克制->克制 | 仿製->仿制
回,回 迴,回 迴,,2,2,312,2,2,2,pass,回 迴,yes,no,上回->上回 | 巡迴->巡回
当,當 噹,當 噹,,2,2,283,2,2,2,pass,噹 当 當,yes,no,上當->上当 | 叮噹->叮当
夫,夫 伕,夫 伕,,2,2,280,2,2,2,pass,,yes,no,丁夫->丁夫 | 馬伕->马夫
板,板 闆,板 闆,,2,2,262,2,2,2,pass,板 闆,yes,no,三板->三板 | 老闆->老板
万,萬 万,萬 万,,2,2,253,2,2,2,pass,万 萬,yes,no,上萬->上万 | 万俟->万俟
表,表 錶,表 錶,,2,2,251,2,2,2,pass,表 錶,yes,no,代表->代表 | 名錶->名表
云,雲 云,雲 云,,2,2,228,2,2,2,pass,云 雲,yes,no,上雲->上云 | 云云->云云
宁,寧 甯,寧 甯,,2,2,227,2,2,2,pass,宁 寧,yes,no,丁寧->丁宁 | 甯->宁
游,遊 游,遊 游,,2,2,220,2,2,2,pass,,yes,no,乙遊->乙游 | 上游->上游
吃,喫 吃,喫 吃,,2,2,216,2,2,2,pass,,yes,no,喫->吃 | 亂吃->乱吃
核,核 覈,核 覈,,2,2,212,2,2,2,pass,,yes,no,似核->似核 | 覈->核
药,藥 葯,藥 葯,,2,2,210,2,2,2,pass,葯 藥,yes,no,下藥->下药 | 葯->药
曲,曲 麴,曲 麴,,2,2,205,2,2,2,pass,曲 麯,yes,no,作曲->作曲 | 紅麴->红曲
症,症 癥,症 癥,,2,2,203,2,2,2,pass,症 癥,yes,no,對症->对症 | 癥結->症结
广,廣 广,廣 广,,2,2,197,2,2,2,pass,广 廣,yes,no,京廣->京广 | 广->广
于,於 于,於 于,,2,2,196,2,2,2,pass,于 於,yes,no,介於->介于 | 于丹->于丹
背,背 揹,背 揹,,2,2,193,2,2,2,pass,,yes,no,刀背->刀背 | 揹債->背债
证,證 証,證 証,,2,2,193,2,2,2,pass,證,yes,no,上證->上证 | 証->证
了,了 瞭,了 瞭,,2,2,192,2,2,2,pass,了 瞭,yes,no,不了->不了 | 明瞭->明了
托,託 托,託 托,,2,2,191,2,2,2,pass,,yes,no,依託->依托 | 交托->交托
术,術 朮,術 朮,,2,2,190,2,2,2,pass,术 術,yes,no,仁術->仁术 | 朮赤->术赤
叶,葉 叶,葉 叶,,2,2,189,2,2,2,pass,叶 葉,yes,no,中葉->中叶 | 叶韻->叶韵
团,團 糰,團 糰,,2,2,187,2,2,2,pass,團 糰,yes,no,使團->使团 | 糰子->团子
周,周 週 賙,周 週,賙,3,2,186,2,3,3,pass,,yes,no,一周->一周 | 下週->下周
斗,鬥 斗,鬥 斗,,2,2,182,2,2,2,pass,斗 鬥,yes,no,內鬥->内斗 | 公斗->公斗
千,千 韆,千 韆,,2,2,181,2,2,2,pass,千 韆,yes,no,出千->出千 | 鞦韆->秋千
价,價 价,價 价,,2,2,180,2,2,2,pass,价 價,yes,no,一價->一价 | 价->价
别,別 彆,別 彆,,2,2,178,2,2,2,pass,別 别 彆,yes,no,久別->久别 | 彆嘴->别嘴
虫,蟲 虫,蟲 虫,,2,2,177,2,2,2,pass,虫 蟲,yes,no,候蟲->候虫 | 虫->虫
烟,煙 菸,煙 菸,,2,2,173,2,2,2,pass,烟 煙,yes,no,人煙->人烟 | 抽菸->抽烟
松,松 鬆,松 鬆,,2,2,172,2,2,2,pass,松 鬆,yes,no,宿松->宿松 | 嘴鬆->嘴松
局,局 侷,局 侷,,2,2,170,2,2,2,pass,,yes,no,世局->世局 | 侷促->局促
豆,豆 荳,豆 荳,,2,2,168,2,2,2,pass,,yes,no,土豆->土豆 | 荳->豆
恶,惡 噁,惡 噁,,2,2,163,2,2,2,pass,噁 惡,yes,no,交惡->交恶 | 噁心->恶心
修,修 脩,修 脩,,2,2,155,2,2,2,pass,,yes,no,下修->下修 | 脩->修
个,個 箇,個 箇,,2,2,147,2,2,2,pass,个 個,yes,no,一個->一个 | 箇->个
枪,槍 鎗,槍 鎗,,2,2,143,2,2,2,pass,槍,yes,no,中槍->中枪 | 鎗->枪
佛,佛 彿,佛 彿,,2,2,142,2,2,2,pass,,yes,no,丹佛->丹佛 | 彷彿->仿佛
尽,盡 儘,盡 儘,,2,2,136,2,2,2,pass,儘 尽 盡,yes,no,不盡->不尽 | 儘先->尽先
志,志 誌,志 誌,,2,2,135,2,2,2,pass,志 誌,yes,no,凌志->凌志 | 代誌->代志
冲,衝 沖,衝 沖,,2,2,133,2,2,2,pass,冲 沖 衝,yes,no,俯衝->俯冲 | 八沖->八冲
岩,巖 岩,巖 岩,,2,2,131,2,2,2,pass,,yes,no,層巖->层岩 | 呂岩->吕岩
暗,暗 闇,暗 闇,,2,2,130,2,2,2,pass,,yes,no,幽暗->幽暗 | 闇->暗
针,針 鍼,針 鍼,,2,2,130,2,2,2,pass,針,yes,no,分針->分针 | 鍼->针
折,折 摺,折 摺,,2,2,128,2,2,2,pass,折 摺,yes,no,九折->九折 | 奏摺->奏折
坐,坐 座,坐 座,,2,2,124,2,2,2,pass,,yes,no,並坐->并坐 | 座標->坐标
征,徵 征,徵 征,,2,2,124,2,2,2,pass,征 徵,yes,no,儀徵->仪征 | 出征->出征
秋,秋 鞦,秋 鞦,,2,2,124,2,2,2,pass,秋 鞦,yes,no,中秋->中秋 | 鞦韆->秋千
准,準 准,準 准,,2,2,122,2,2,2,pass,准 準,yes,no,一準->一准 | 一准->一准
卷,卷 捲,卷 捲,,2,2,122,2,2,2,pass,卷 捲,yes,no,中卷->中卷 | 席捲->席卷
历,歷 曆,歷 曆,,2,2,122,2,2,2,pass,历 曆 歷,yes,no,來歷->来历 | 公曆->公历
谷,谷 穀,谷 穀,,2,2,117,2,2,2,pass,穀 谷,yes,no,低谷->低谷 | 五穀->五谷
录,錄 彔,錄 彔,,2,2,116,2,2,2,pass,錄 録,yes,no,側錄->侧录 | 彔->录
几,幾 几,幾 几,,2,2,115,2,2,2,pass,几 幾,yes,no,十幾->十几 | 几案->几案
念,念 唸,念 唸,,2,2,114,2,2,2,pass,,yes,no,信念->信念 | 唸唸有詞->念念有词
丰,豐 丰,豐 丰,,2,2,113,2,2,2,pass,丰 豐,yes,no,信豐->信丰 | 丰姿->丰姿
旋,旋 鏇,旋 鏇,,2,2,109,2,2,2,pass,旋 鏇,yes,no,下旋->下旋 | 鏇子->旋子
才,才 纔,才 纔,,2,2,106,2,2,2,pass,才 纔,yes,no,不才->不才 | 剛纔->刚才
致,致 緻,致 緻,,2,2,106,2,2,2,pass,緻 致,yes,no,一致->一致 | 別緻->别致
注,注 註,注 註,,2,2,105,2,2,2,pass,注 註,yes,no,下注->下注 | 偏註->偏注
溪,溪 谿,溪 谿,,2,2,100,2,2,2,pass,,yes,no,卓溪->卓溪 | 婦姑勃谿->妇姑勃溪
杆,杆 桿,杆 桿,,2,2,95,2,2,2,pass,杆 桿,yes,no,切杆->切杆 | 上桿->上杆
借,借 藉,借 藉,,2,2,93,2,2,2,pass,借 藉,yes,no,借代->借代 | 藉此->借此
据,據 据,據 据,,2,2,91,2,2,2,pass,据 據,yes,no,佔據->占据 | 拮据->拮据
巨,巨 鉅,巨 鉅,,2,2,89,2,2,2,pass,,yes,no,巨乳->巨乳 | 甚鉅->甚巨
舍,舍 捨,舍 捨,,2,2,89,2,2,2,pass,捨 舍,yes,no,住舍->住舍 | 不捨->不舍
吊,吊 弔,吊 弔,,2,2,88,2,2,2,pass,,yes,no,上吊->上吊 | 弔伐->吊伐
拿,拿 拏,拿 拏,,2,2,88,2,2,2,pass,,yes,no,哈拿->哈拿 | 拏->拿
欲,欲 慾,欲 慾,,2,2,88,2,2,2,pass,,yes,no,幾欲->几欲 | 利慾->利欲
玩,玩 翫,玩 翫,,2,2,88,2,2,2,pass,,yes,no,古玩->古玩 | 翫->玩
钟,鍾 鐘 鈡,鍾 鐘,鈡,3,2,88,2,3,3,pass,鍾 鐘,yes,no,色鍾->色钟 | 上鐘->上钟
划,劃 划,劃 划,,2,2,87,2,2,2,pass,划 劃,yes,no,企劃->企划 | 划子->划子
梁,梁 樑,梁 樑,,2,2,87,2,2,2,pass,,yes,no,呂梁->吕梁 | 上樑->上梁
席,席 蓆,席 蓆,,2,2,85,2,2,2,pass,,yes,no,主席->主席 | 涼蓆->凉席
升,升 昇,升 昇,,2,2,83,2,2,2,pass,,yes,no,上升->上升 | 昇平->升平
闲,閒 閑,閒 閑,,2,2,83,2,2,2,pass,閑 閒,yes,no,休閒->休闲 | 偷閑->偷闲
采,採 采 寀,採 采,寀,3,2,82,2,3,3,pass,埰 採 采,yes,no,可採->可采 | 丰采->丰采
厂,廠 厂,廠 厂,,2,2,81,2,2,2,pass,厂 廠,yes,no,出廠->出厂 | 厂字旁->厂字旁
朱,朱 硃,朱 硃,,2,2,81,2,2,2,pass,朱 硃,yes,no,朱䴉->朱鹮 | 硃砂->朱砂
扎,扎 紮,扎 紮,,2,2,80,2,2,2,pass,,yes,no,包扎->包扎 | 包紮->包扎
冬,冬 鼕,冬 鼕,,2,2,79,2,2,2,pass,冬 鼕,yes,no,丁冬->丁冬 | 鼕->冬
娘,娘 孃,娘 孃,,2,2,79,2,2,2,pass,,yes,no,乾娘->干娘 | 舞孃->舞娘
扣,扣 釦,扣 釦,,2,2,78,2,2,2,pass,,yes,no,代扣->代扣 | 帶釦->带扣
并,並 併 幷,並 併,幷,3,2,75,2,3,3,pass,並 併 并,yes,no,一並->一并 | 一併->一并
荡,蕩 盪,蕩 盪,,2,2,73,2,2,2,pass,盪 蕩,yes,no,冶蕩->冶荡 | 動盪->动荡
迹,跡 蹟,跡 蹟,,2,2,73,2,2,2,pass,跡 迹,yes,no,偽跡->伪迹 | 事蹟->事迹
纤,纖 縴,纖 縴,,2,2,72,2,2,2,pass,縴 纖,yes,no,光纖->光纤 | 縴夫->纤夫
噪,噪 譟,噪 譟,,2,2,70,2,2,2,pass,,yes,no,噪聲->噪声 | 譟->噪
愿,願 愿,願 愿,,2,2,69,2,2,2,pass,愿 願,yes,no,不願->不愿 | 鄉愿->乡愿
摆,擺 襬,擺 襬,,2,2,69,2,2,2,pass,摆 擺 襬,yes,no,下擺->下摆 | 裙襬->裙摆
雕,雕 鵰,雕 鵰,,2,2,69,2,2,2,pass,,yes,no,冰雕->冰雕 | 林鵰->林雕
栗,栗 慄,栗 慄,,2,2,66,2,2,2,pass,慄 栗,yes,no,上栗->上栗 | 悸慄->悸栗
糊,糊 餬,糊 餬,,2,2,66,2,2,2,pass,,yes,no,口糊->口糊 | 餬口->糊口
杯,杯 盃,杯 盃,,2,2,65,2,2,2,pass,,yes,no,乾杯->干杯 | 靠盃->靠杯
奸,奸 姦,奸 姦,,2,2,62,2,2,2,pass,奸 姦,yes,no,內奸->内奸 | 㚻姦->㚻奸
尸,屍 尸,屍 尸,,2,2,62,2,2,2,pass,尸 屍,yes,no,乾屍->干尸 | 尸祿->尸禄
获,獲 穫,獲 穫,,2,2,62,2,2,2,pass,獲 穫,yes,no,俘獲->俘获 | 收穫->收获
凶,兇 凶,兇 凶,,2,2,61,2,2,2,pass,,yes,no,僱兇->雇凶 | 元凶->元凶
适,適 适,適 适,,2,2,61,2,2,2,pass,适 適,yes,no,不適->不适 | 李适->李适
范,範 范,範 范,,2,2,59,2,2,2,pass,範 范,yes,no,典範->典范 | 范曄->范晔
涂,塗 涂,塗 涂,,2,2,58,2,2,2,pass,塗 涂,yes,no,塗乙->涂乙 | 涂山->涂山
占,佔 占,佔 占,,2,2,57,2,2,2,pass,,yes,no,佔中->占中 | 卜占->卜占
签,籤 簽,籤 簽,,2,2,57,2,2,2,pass,簽 籤,yes,no,名籤->名签 | 中簽->中签
卜,卜 蔔,卜 蔔,,2,2,56,2,2,2,pass,卜 蔔,yes,no,卜占->卜占 | 蘿蔔->萝卜
丑,醜 丑,醜 丑,,2,2,50,2,2,2,pass,丑 醜,yes,no,出醜->出丑 | 丁丑->丁丑
柜,櫃 柜,櫃 柜,,2,2,50,2,2,2,pass,柜 櫃,yes,no,冰櫃->冰柜 | 柜->柜
仇,仇 讎,仇 讎,,2,2,49,2,2,2,pass,,yes,no,三仇->三仇 | 讎->仇
困,困 睏,困 睏,,2,2,49,2,2,2,pass,困 睏,yes,no,交困->交困 | 犯睏->犯困
赞,贊 讚,贊 讚,,2,2,49,2,2,2,pass,贊,yes,no,傳贊->传赞 | 按讚->按赞
须,須 鬚,須 鬚,,2,2,49,2,2,2,pass,須 鬚,yes,no,何須->何须 | 卷鬚->卷须
岳,嶽 岳,嶽 岳,,2,2,48,2,2,2,pass,,yes,no,中嶽->中岳 | 叔岳->叔岳
幸,幸 倖,幸 倖,,2,2,48,2,2,2,pass,,yes,no,不幸->不幸 | 倖免->幸免
脏,髒 臟,髒 臟,,2,2,47,2,2,2,pass,臟 髒,yes,no,弄髒->弄脏 | 五臟->五脏
唇,脣 唇,脣 唇,,2,2,44,2,2,2,pass,,yes,no,驢脣馬嘴->驴唇马嘴 | 上唇->上唇
炼,煉 鍊,煉 鍊,,2,2,44,2,2,2,pass,煉,yes,no,修煉->修炼 | 鍛鍊->锻炼
鉴,鑑 鑒,鑑 鑒,,2,2,43,2,2,2,pass,鑒,yes,no,圖鑑->图鉴 | 借鑒->借鉴
咸,鹹 咸,鹹 咸,,2,2,42,2,2,2,pass,咸 鹹,yes,no,鹹水->咸水 | 咸安->咸安
弥,彌 瀰,彌 瀰,,2,2,42,2,2,2,pass,彌 瀰,yes,no,彌勒->弥勒 | 瀰漫->弥漫
藤,藤 籐,藤 籐,,2,2,42,2,2,2,pass,,yes,no,伊藤->伊藤 | 籐->藤
郁,鬱 郁,鬱 郁,,2,2,41,2,2,2,pass,郁 鬱,yes,no,憂鬱->忧郁 | 濃郁->浓郁
叹,嘆 歎,嘆 歎,,2,2,40,2,2,2,pass,嘆,yes,no,可嘆->可叹 | 悲歎->悲叹
坛,壇 罈,壇 罈,,2,2,40,2,2,2,pass,坛 壇 罈 罎,yes,no,乒壇->乒坛 | 罈子->坛子
伙,夥 伙,夥 伙,,2,2,39,2,2,2,pass,伙 夥,yes,no,夥->伙 | 伙伴->伙伴
搜,搜 蒐,搜 蒐,,2,2,39,2,2,2,pass,,yes,no,搜刮->搜刮 | 情蒐->情搜
确,確 确,確 确,,2,2,39,2,2,2,pass,确 確,yes,no,明確->明确 | 确->确
仿,仿 彷,仿 彷,,2,2,38,2,2,2,pass,,yes,no,仿似->仿似 | 彷彿->仿佛
御,御 禦,御 禦,,2,2,38,2,2,2,pass,御 禦,yes,no,御史->御史 | 守禦->守御
拐,拐 柺,拐 柺,,2,2,38,2,2,2,pass,,yes,no,大拐->大拐 | 柺->拐
艳,豔 艷,豔 艷,,2,2,38,2,2,2,pass,艳 艷,yes,no,哀豔->哀艳 | 光艷->光艳
朴,樸 朴,樸 朴,,2,2,35,2,2,2,pass,朴 樸,yes,no,儉樸->俭朴 | 厚朴->厚朴
昆,昆 崑,昆 崑,,2,2,34,2,2,2,pass,,yes,no,坎昆->坎昆 | 崑劇->昆剧
沾,沾 霑,沾 霑,,2,2,34,2,2,2,pass,,yes,no,均沾->均沾 | 霑化->沾化
杠,槓 杠,槓 杠,,2,2,33,2,2,2,pass,,yes,no,吊槓->吊杠 | 杠精->杠精
咽,咽 嚥,咽 嚥,,2,2,32,2,2,2,pass,,yes,no,下咽->下咽 | 下嚥->下咽
夸,誇 夸,誇 夸,,2,2,32,2,2,2,pass,夸 誇,yes,no,浮誇->浮夸 | 夸克->夸克
坝,壩 垻,壩 垻,,2,2,31,2,2,2,pass,垻 壩,yes,no,冰壩->冰坝 | 沙坪垻->沙坪坝
刮,刮 颳,刮 颳,,2,2,30,2,2,2,pass,刮 颳,yes,no,刮傷->刮伤 | 颳風->刮风
卤,滷 鹵,滷 鹵,,2,2,30,2,2,2,pass,滷 鹵,yes,no,滷味->卤味 | 斥鹵->斥卤
棱,棱 稜,棱 稜,,2,2,30,2,2,2,pass,,yes,no,刺棱->刺棱 | 丹稜->丹棱
仑,侖 崙,侖 崙,,2,2,29,2,2,2,pass,侖,yes,no,加侖->加仑 | 二崙->二仑
凄,悽 淒,悽 淒,,2,2,29,2,2,2,pass,,yes,no,悲悽->悲凄 | 淒切->凄切
哄,哄 鬨,哄 鬨,,2,2,29,2,2,2,pass,,yes,no,哄動->哄动 | 內鬨->内哄
涌,湧 涌,湧 涌,,2,2,29,2,2,2,pass,,yes,no,噴湧->喷涌 | 河涌->河涌
厘,釐 厘,釐 厘,,2,2,27,2,2,2,pass,厘 釐,yes,no,公釐->公厘 | 厘金->厘金
矩,矩 榘,矩 榘,,2,2,27,2,2,2,pass,,yes,no,力矩->力矩 | 榘->矩
愈,愈 癒,愈 癒,,2,2,26,2,2,2,pass,,yes,no,全愈->全愈 | 治癒->治愈
腊,臘 腊,臘 腊,,2,2,26,2,2,2,pass,腊 臘,yes,no,勐臘->勐腊 | 腊->腊
僵,僵 殭,僵 殭,,2,2,25,2,2,2,pass,,yes,no,僵住->僵住 | 殭屍->僵尸
姜,姜 薑,姜 薑,,2,2,25,2,2,2,pass,姜 薑,yes,no,姜堰->姜堰 | 乾薑->干姜
戚,戚 慼 鏚,戚 慼,鏚,3,2,25,2,3,3,pass,,yes,no,哀戚->哀戚 | 慼慼->戚戚
澄,澄 澂,澄 澂,,2,2,25,2,2,2,pass,,yes,no,清澄->清澄 | 澂->澄
辟,闢 辟,闢 辟,,2,2,25,2,2,2,pass,辟 闢,yes,no,精闢->精辟 | 大辟->大辟
俊,俊 儁,俊 儁,,2,2,23,2,2,2,pass,,yes,no,俊俏->俊俏 | 朱儁->朱俊
哗,譁 嘩,譁 嘩,,2,2,22,2,2,2,pass,嘩,yes,no,譁然->哗然 | 喧嘩->喧哗
筑,築 筑,築 筑,,2,2,22,2,2,2,pass,筑 築,yes,no,修築->修筑 | 筑波->筑波
荫,蔭 廕,蔭 廕,,2,2,22,2,2,2,pass,蔭,yes,no,冬蔭->冬荫 | 廕->荫
仆,僕 仆,僕 仆,,2,2,21,2,2,2,pass,仆 僕,yes,no,主僕->主仆 | 仆街->仆街
饥,飢 饑,飢 饑,,2,2,21,2,2,2,pass,飢 饑,yes,no,充飢->充饥 | 饑荒->饥荒
尝,嘗 嚐,嘗 嚐,,2,2,20,2,2,2,pass,嘗 尝,yes,no,何嘗->何尝 | 品嚐->品尝
恤,恤 卹,恤 卹,,2,2,20,2,2,2,pass,,yes,no,T恤->T恤 | 撫卹->抚恤
挽,挽 輓,挽 輓,,2,2,20,2,2,2,pass,挽 輓,yes,no,挽具->挽具 | 輓聯->挽联
沈,沈 瀋,沈 瀋,,2,2,20,2,2,2,pass,沈 瀋,yes,no,沈丘->沈丘 | 瀋河->沈河
淀,澱 淀,澱 淀,,2,2,19,2,2,2,pass,淀 澱,yes,no,沈澱->沉淀 | 海淀->海淀
芸,芸 蕓,芸 蕓,,2,2,19,2,2,2,pass,芸 蕓,yes,no,芸帙->芸帙 | 蕓薹->芸薹
铲,鏟 剷,鏟 剷,,2,2,19,2,2,2,pass,鏟,yes,no,刮鏟->刮铲 | 剷平->铲平
佣,傭 佣,傭 佣,,2,2,18,2,2,2,pass,佣 傭,yes,no,傭人->佣人 | 佣金->佣金
狸,狸 貍,狸 貍,,2,2,18,2,2,2,pass,,yes,no,河狸->河狸 | 貍->狸
勋,勳 勛,勳 勛,,2,2,17,2,2,2,pass,勛,yes,no,元勳->元勋 | 元勛->元勋
吁,籲 吁,籲 吁,,2,2,16,2,2,2,pass,吁 籲,yes,no,呼籲->呼吁 | 吁吁->吁吁
帘,簾 帘,簾 帘,,2,2,16,2,2,2,pass,帘 簾,yes,no,帳簾->帐帘 | 酒帘->酒帘
绷,繃 綳,繃 綳,,2,2,16,2,2,2,pass,綳 繃,yes,no,棕繃->棕绷 | 綳->绷
苹,蘋 苹,蘋 苹,,2,2,16,2,2,2,pass,苹 蘋,yes,no,蘋果->苹果 | 苹->苹
琅,琅 瑯,琅 瑯,,2,2,15,2,2,2,pass,,yes,no,施琅->施琅 | 擋瑯->挡琅
咨,諮 咨,諮 咨,,2,2,14,2,2,2,pass,,yes,no,諮商->咨商 | 咨嗟->咨嗟
堤,堤 隄,堤 隄,,2,2,14,2,2,2,pass,,yes,no,堤壩->堤坝 | 決隄->决堤
焰,焰 燄,焰 燄,,2,2,14,2,2,2,pass,,yes,no,凶焰->凶焰 | 燄->焰
镰,鐮 鎌,鐮 鎌,,2,2,14,2,2,2,pass,鐮,yes,no,掛鐮->挂镰 | 鎌->镰
喂,喂 餵,喂 餵,,2,2,13,2,2,2,pass,,yes,no,良心喂狗->良心喂狗 | 投餵->投喂
腌,醃 腌,醃 腌,,2,2,12,2,2,2,pass,,yes,no,醃汁->腌汁 | 腌臢->腌臜
啮,齧 嚙,齧 嚙,,2,2,10,2,2,2,pass,嚙,yes,no,咬齧->咬啮 | 咬嚙->咬啮
庵,庵 菴,庵 菴,,2,2,10,2,2,2,pass,,yes,no,庵堂->庵堂 | 京都念慈菴->京都念慈庵
漓,漓 灕,漓 灕,,2,2,10,2,2,2,pass,漓 灕,yes,no,淋漓->淋漓 | 灕江->漓江
蔑,蔑 衊,蔑 衊,,2,2,10,2,2,2,pass,蔑 衊,yes,no,侮蔑->侮蔑 | 污衊->污蔑
冢,冢 塚,冢 塚,,2,2,8,2,2,2,pass,,yes,no,叢冢->丛冢 | 大塚->大冢
它,它 牠,它 牠,,2,2,8,2,2,2,pass,,yes,no,其它->其它 | 牠->它
浚,浚 濬,浚 濬,,2,2,8,2,2,2,pass,,yes,no,挖浚->挖浚 | 濬->浚
蝎,蠍 蝎,蠍 蝎,,2,2,8,2,2,2,pass,,yes,no,天蠍->天蝎 | 蝎->蝎
袅,嫋 裊,嫋 裊,,2,2,8,2,2,2,pass,裊,yes,no,嫋->袅 | 裊娜->袅娜
膻,羶 膻,羶 膻,,2,2,7,2,2,2,pass,,yes,no,羶->膻 | 膻中->膻中
娴,嫺 嫻,嫺 嫻,,2,2,6,2,2,2,pass,嫻,yes,no,嫺->娴 | 嫻淑->娴淑
斫,斫 斲,斫 斲,,2,2,6,2,2,2,pass,,yes,no,斫喪->斫丧 | 斲->斫
捆,捆 綑,捆 綑,,2,2,5,2,2,2,pass,,yes,no,捆紮->捆扎 | 綑->捆
璇,璇 璿,璇 璿,,2,2,5,2,2,2,pass,,yes,no,周璇->周璇 | 璿->璇
鹇,鷳 鷴,鷳 鷴,,2,2,5,2,2,2,pass,鷳,yes,no,白鷳->白鹇 | 鷴->鹇
谥,諡 謚,諡 謚,,2,2,4,2,2,2,pass,謚,yes,no,諡號->谥号 | 謚->谥
跖,蹠 跖,蹠 跖,,2,2,4,2,2,2,pass,,yes,no,蹠骨->跖骨 | 跖->跖
赝,贗 贋,贗 贋,,2,2,3,2,2,2,pass,贋 贗,yes,no,贗品->赝品 | 贋->赝
裥,襉 襇,襉 襇,,2,2,2,2,2,2,pass,襇,yes,no,襉->裥 | 襇->裥
镋,钂 鎲,钂 鎲,,2,2,2,2,2,2,pass,鎲 钂,yes,no,钂->镋 | 鎲->镋
台,臺 檯 颱 台,臺 檯 颱 台,,4,4,407,4,4,4,pass,台 檯 臺 颱,yes,yes,下臺->下台 | 檯子->台子 | 颱風->台风
发,發 髮,發 髮,,2,2,609,2,2,2,pass,發 髮,yes,yes,一發->一发 | 假髮->假发
面,面 麪,面 麪,,2,2,468,2,2,2,pass,面 麵,yes,yes,一面->一面 | 麪->面
后,後 后,後 后,,2,2,401,2,2,2,pass,后 後,yes,yes,之後->之后 | 后冠->后冠
余,餘 余,餘 余,,2,2,137,2,2,2,pass,余 餘,yes,yes,其餘->其余 | 余月->余月
杰,傑 杰,傑 杰,,2,2,61,2,2,2,pass,傑 杰,yes,yes,人傑->人杰 | 周杰倫->周杰伦
酸,酸 痠,酸,痠,2,1,259,1,2,2,review,,yes,no,乙酸->乙酸
果,果 菓,果,菓,2,1,217,1,2,2,review,,yes,no,乾果->干果
种,種 种,種,种,2,1,161,1,2,2,review,种 種,yes,no,一種->一种
极,極 极,極,极,2,1,148,1,2,2,review,极 極,yes,no,偏極->偏极
党,黨 党,黨,党,2,1,142,1,2,2,review,党 黨,yes,no,一黨->一党
象,象 像,象,像,2,1,131,1,2,2,review,,yes,no,亂象->乱象
胜,勝 胜,勝,胜,2,1,127,1,2,2,review,勝 胜,yes,no,不勝->不胜
私,私 俬,私,俬,2,1,116,1,2,2,review,,yes,no,偏私->偏私
具,具 俱,具,俱,2,1,108,1,2,2,review,,yes,no,傢具->傢具
彩,彩 綵,彩,綵,2,1,107,1,2,2,review,,yes,no,七彩->七彩
参,參 蔘,參,蔘,2,1,103,1,2,2,review,参 參,yes,no,丹參->丹参
挂,掛 挂,掛,挂,2,1,91,1,2,2,review,挂 掛,yes,no,倒掛->倒挂
链,鏈 鍊,鏈,鍊,2,1,72,1,2,2,review,鏈,yes,no,人鏈->人链
弦,弦 絃,弦,絃,2,1,61,1,2,2,review,,yes,no,三弦->三弦
钻,鑽 鉆,鑽,鉆,2,1,54,1,2,2,review,鑽,yes,no,冰鑽->冰钻
抵,抵 牴,抵,牴,2,1,45,1,2,2,review,,yes,no,備抵->备抵
挨,挨 捱,挨,捱,2,1,45,1,2,2,review,,yes,no,挨個->挨个
蜡,蠟 蜡,蠟,蜡,2,1,44,1,2,2,review,蜡 蠟,yes,no,嚼蠟->嚼蜡
凌,凌 淩,凌,淩,2,1,41,1,2,2,review,,yes,no,冰凌->冰凌
呆,呆 待,呆,待,2,1,32,1,2,2,review,,yes,no,呆住->呆住
皂,皁 皂,皂,皁,2,1,23,1,2,2,review,,yes,no,皂石->皂石
穗,穗 繐,穗,繐,2,1,23,1,2,2,review,,yes,no,三穗->三穗
斤,斤 觔,斤,觔,2,1,21,1,2,2,review,,yes,no,公斤->公斤
荐,薦 荐,薦,荐,2,1,21,1,2,2,review,荐 薦,yes,no,力薦->力荐
坯,坯 坏,坯,坏,2,1,14,1,2,2,review,,yes,no,土坯->土坯
苔,苔 薹,苔,薹,2,1,14,1,2,2,review,,yes,no,海苔->海苔
钥,鑰 鈅,鑰,鈅,2,1,14,1,2,2,review,鑰,yes,no,公鑰->公钥
胄,胄 冑,胄,冑,2,1,12,1,2,2,review,,yes,no,世胄->世胄
锄,鋤 耡,鋤,耡,2,1,10,1,2,2,review,鋤,yes,no,誅鋤->诛锄
亘,亙 亘,亙,亘,2,1,7,1,2,2,review,,yes,no,亙古->亘古
蚝,蠔 蚝,蠔,蚝,2,1,5,1,2,2,review,,yes,no,生蠔->生蚝
吣,吣 唚,唚,吣,2,1,3,1,2,2,review,唚,yes,no,混唚->混吣
檗,檗 蘗,檗,蘗,2,1,2,1,2,2,review,,yes,no,黃檗->黄檗
绱,鞝 緔,緔,鞝,2,1,2,1,2,2,review,緔 鞝,yes,no,緔鞋->绱鞋
镢,钁 鐝,鐝,钁,2,1,2,1,2,2,review,鐝,yes,no,鐝頭->镢头
埙,壎 塤,塤,壎,2,1,1,1,2,2,review,塤,yes,no,塤->埙
滟,灩 灧,灩,灧,2,1,1,1,2,2,review,灧,yes,no,灩->滟
筱,筱 篠,筱,篠,2,1,1,1,2,2,review,,yes,no,筱->筱
耇,耇 耈,耇,耈,2,1,1,1,2,2,review,,yes,no,耇->耇
钫,鈁 鍅,鈁,鍅,2,1,1,1,2,2,review,鈁,yes,no,鈁->钫
锫,錇 鉳,錇,鉳,2,1,1,1,2,2,review,錇,yes,no,錇->锫
镎,鎿 錼,鎿,錼,2,1,1,1,2,2,review,鎿,yes,no,鎿->镎
㐹,㑶 㐹,,㑶 㐹,2,0,0,0,2,2,review,㑶,yes,no,
